traffic,series,configured_injection_rate,sample_count,seeds,accepted_throughput_mean,accepted_throughput_sd,average_packet_latency_cycles_mean,average_packet_latency_cycles_sd,express_traversals_per_packet_mean,escape_fraction_mean,max_link_utilization_mean,no_progress_runs
bit_complement,aspl,0.3,3,"[1, 2, 3]",0.14975173611133333,0.0001405396690426389,16.23638781113333,0.012954179377441363,1.1074402934202299,2.31619809979e-06,0.6281555555553333,0
bit_complement,aspl,0.5,3,"[1, 2, 3]",0.19584305555566664,0.0011063103483513552,2935.763306993333,36.54241701247988,0.9022791614606747,0.070195660101,0.7814666666666668,0
bit_complement,aspl,0.7,3,"[1, 2, 3]",0.18486232638866665,0.0002787911204939564,7866.124743716667,31.192077393018693,0.7722067490595177,0.1708287221996667,0.8176555555556666,0
bit_complement,aspl,0.8,3,"[1, 2, 3]",0.18516597222233333,0.00041720501982142724,9361.753857226666,52.38203046539597,0.7719647255664078,0.17033250856866666,0.8180666666666667,0
bit_complement,bitcomp_aspl,0.3,3,"[1, 2, 3]",0.149748611111,0.00013693482168876148,10.975444261466668,0.00405055334143785,0.933015365539346,0.0,0.6382333333333333,0
bit_complement,bitcomp_aspl,0.5,3,"[1, 2, 3]",0.24332309027766666,0.00010394971642236665,397.16908900166663,4.134187557416857,0.8685928128091155,0.0001084522097044,0.7468666666666666,0
bit_complement,bitcomp_aspl,0.7,3,"[1, 2, 3]",0.2793880208336667,9.21507106441631e-05,2978.4732805,14.852727373838311,0.7070302014413242,0.007848238557853333,0.7534444444443333,0
bit_complement,bitcomp_aspl,0.8,3,"[1, 2, 3]",0.27371961805533335,0.00017516182458309173,4984.92533464,8.300488961918779,0.694213718036318,0.010627166795533334,0.7586111111113333,0
bit_complement,mesh,0.3,3,"[1, 2, 3]",0.14974913194433334,0.00014650720654387175,24.910099654899998,0.08480876842518788,0.0,0.00030137280635166665,0.6058222222223333,0
bit_complement,mesh,0.5,3,"[1, 2, 3]",0.136412847222,0.0002770619031298516,6865.88454505,8.237912127937701,0.0,0.2775738534616667,0.8402333333333333,0
bit_complement,mesh,0.7,3,"[1, 2, 3]",0.12937500000000002,6.615335164009308e-05,10332.9358119,13.264678295616813,0.0,0.331911122919,0.873366666667,0
bit_complement,mesh,0.8,3,"[1, 2, 3]",0.128002777778,7.887525542943623e-05,11373.211398566666,5.749900327985437,0.0,0.3429379760026667,0.8804444444443332,0
bit_complement,random,0.3,3,"[1, 2, 3]",0.14668923611100002,0.00015482704680779615,347.55008247766665,6.036205183728255,0.7169969859043502,0.016962887644000002,0.7478888888886667,0
bit_complement,random,0.5,3,"[1, 2, 3]",0.17516371527766664,0.00023100052757567144,4191.170120916667,6.392281955599797,0.5551169717248672,0.13244697249666668,0.8172444444443334,0
bit_complement,random,0.7,3,"[1, 2, 3]",0.17433993055533334,0.00011398623901608304,8276.080183463333,19.08128072782838,0.5276424450073467,0.17920956574400002,0.872588888889,0
bit_complement,random,0.8,3,"[1, 2, 3]",0.17459218750000002,0.0001187736028468409,9664.196153193334,10.263223943647793,0.5276103610745085,0.18015023154833334,0.8769555555556666,0
bit_complement,stride_aspl,0.3,3,"[1, 2, 3]",0.14975086805566665,0.00014251452582586784,15.809567222466667,0.002466608103943082,1.0945038010803643,0.0,0.5178222222223333,0
bit_complement,stride_aspl,0.5,3,"[1, 2, 3]",0.19996371527766665,9.031149204529222e-05,2754.911572643334,6.970689097162445,0.9515510754263549,0.05478779997283333,0.7854666666666666,0
bit_complement,stride_aspl,0.7,3,"[1, 2, 3]",0.201048263889,9.034152384369956e-05,6081.2578683,12.68120730615845,0.9146537361046542,0.12137848896566666,0.8309888888889999,0
bit_complement,stride_aspl,0.8,3,"[1, 2, 3]",0.20177760416666665,1.7693008074446536e-05,7449.436347216666,3.7506908038774065,0.9001616770165596,0.13474938075833334,0.8491444444446667,0
bit_complement,tornado_aspl,0.3,3,"[1, 2, 3]",0.14728784722233332,0.00017325953968600537,292.30769436066663,6.552050493898415,0.7812444855269159,0.0438323715202,0.8119000000000001,0
bit_complement,tornado_aspl,0.5,3,"[1, 2, 3]",0.1888,8.324974112753333e-05,3655.9893273466664,16.352268688588318,0.5695841047007898,0.16275306526633335,0.9118222222223333,0
bit_complement,tornado_aspl,0.7,3,"[1, 2, 3]",0.18892465277766668,1.9470778492996895e-05,7829.865378959999,5.630230691766579,0.5653387303196257,0.17786058773633337,0.9361777777776666,0
bit_complement,tornado_aspl,0.8,3,"[1, 2, 3]",0.18902760416666667,5.1734943685620195e-06,9331.282461696666,9.415635420198333,0.5658546650553884,0.176773671434,0.9336111111113333,0
tornado,aspl,0.3,3,"[1, 2, 3]",0.14974774305566665,0.00013735941724491742,11.364690140533334,0.009597063156710918,0.4152273068689872,0.0,0.45446666666666663,0
tornado,aspl,0.5,3,"[1, 2, 3]",0.23259965277766667,0.0001925066201689523,760.2371548486667,3.5926943909489797,0.3641819943166548,0.0015181112820666666,0.7375555555553334,0
tornado,aspl,0.7,3,"[1, 2, 3]",0.27035625,8.712822001396478e-05,2466.5626896633335,11.1298732723589,0.3712816264358994,0.012614585799933334,0.749977777778,0
tornado,aspl,0.8,3,"[1, 2, 3]",0.2774994791666667,5.41583196057982e-05,3558.6050646666663,10.907932806767802,0.3777741272045714,0.01898965399826667,0.7578111111110001,0
tornado,bitcomp_aspl,0.3,3,"[1, 2, 3]",0.14974947916666667,0.000138655837565022,12.878065782233334,0.004797712914359342,0.08891454071426101,0.0,0.4545444444446667,0
tornado,bitcomp_aspl,0.5,3,"[1, 2, 3]",0.21425972222233333,7.347176264926442e-05,1601.59692295,6.373176917901526,0.09374980142444102,0.00181828379743,0.7494555555556666,0
tornado,bitcomp_aspl,0.7,3,"[1, 2, 3]",0.224848263889,3.2538075567736455e-05,4758.20580326,2.2420068603969137,0.11094597849547143,0.022010980584199997,0.7500111111113332,0
tornado,bitcomp_aspl,0.8,3,"[1, 2, 3]",0.226812673611,0.00017143901625679749,5981.523370503334,13.86097358624602,0.11842620725553461,0.028409008946966668,0.7517888888890001,0
tornado,mesh,0.3,3,"[1, 2, 3]",0.14974965277766666,0.00013986182673158135,13.383940947433333,0.0014426259782409669,0.0,0.0,0.4548000000003333,0
tornado,mesh,0.5,3,"[1, 2, 3]",0.209134722222,6.511504549878003e-05,1888.4001898466668,9.331684454099097,0.0,0.0021110603852933334,0.749966666667,0
tornado,mesh,0.7,3,"[1, 2, 3]",0.2099131944446667,3.323099891964044e-05,5592.88134408,5.656496888843099,0.0,0.026797598835333336,0.749966666667,0
tornado,mesh,0.8,3,"[1, 2, 3]",0.21017569444433334,8.293452024896024e-06,6845.9462815100005,7.865182994331388,0.0,0.0349443477363,0.7517888888890001,0
tornado,random,0.3,3,"[1, 2, 3]",0.14974947916666667,0.00013933500418363836,13.117228541533335,0.0023451530549572163,0.1086024511519782,0.0,0.5285222222223334,0
tornado,random,0.5,3,"[1, 2, 3]",0.207669965278,8.774182574282531e-05,2002.39372164,7.58366154324284,0.09404617358136569,0.0021259557285466667,0.749966666667,0
tornado,random,0.7,3,"[1, 2, 3]",0.22180347222233332,8.19573169051459e-05,4735.491614073333,1.0216028270230466,0.090987019879965,0.025397067322766666,0.7504333333333334,0
tornado,random,0.8,3,"[1, 2, 3]",0.22237881944433335,1.92371765328706e-05,6062.804942326667,11.154037437536607,0.09246608377668121,0.0330423075965,0.7517888888890001,0
tornado,stride_aspl,0.3,3,"[1, 2, 3]",0.14974895833333332,0.00013781201473542776,11.2742125954,0.007435858745952338,0.4712855699842122,0.0,0.454122222222,0
tornado,stride_aspl,0.5,3,"[1, 2, 3]",0.23759149305566665,0.00017110007005075725,563.005999751,6.618665521748381,0.38822592435149766,0.001448153708698,0.7269555555556666,0
tornado,stride_aspl,0.7,3,"[1, 2, 3]",0.26812708333333335,0.00012412963792618267,2877.9083968833334,14.4571540072423,0.3793462561147713,0.016330601030033334,0.7499111111113334,0
tornado,stride_aspl,0.8,3,"[1, 2, 3]",0.2716425347223333,0.00027330745353339,4135.406897216667,2.0228937517129584,0.38136961251239954,0.0254385799807,0.756111111111,0
tornado,tornado_aspl,0.3,3,"[1, 2, 3]",0.14975034722233335,0.0001378653694151962,9.820948811913334,0.0009668811560659197,0.7313953995605998,0.0,0.37102222222200004,0
tornado,tornado_aspl,0.5,3,"[1, 2, 3]",0.24963784722233331,7.187290312614786e-05,10.200694240033334,0.00486181518611209,0.66186098662501,0.0,0.5323888888886666,0
tornado,tornado_aspl,0.7,3,"[1, 2, 3]",0.34509305555566666,0.00010288827811492701,209.44596414733334,3.483071443608349,0.6044616367465926,0.0,0.7281444444443333,0
tornado,tornado_aspl,0.8,3,"[1, 2, 3]",0.38061180555566665,8.829042482129787e-05,697.9133273136667,8.755037832045149,0.5994369169564836,2.280617722956667e-06,0.749966666667,0
